{"cameraMode":{"drawMode":0,"name":"Shaded","section":"Shading Mode"},"sceneLighting":false,"audioPlay":false,"sceneViewState":{"m_AlwaysRefresh":false,"showFog":true,"showSkybox":false,"showFlares":true,"showImageEffects":true,"showParticleSystems":true,"showVisualEffectGraphs":true,"m_FxEnabled":true},"in2DMode":false,"pivot":{"x":2.4249508380889894,"y":0.5644876956939697,"z":11.05233097076416},"rotation":{"x":0.14431512355804444,"y":0.5752485990524292,"z":-0.10396860539913178,"w":0.7984610795974731},"size":3.8298745155334474,"orthographic":false}